Year,BDANumber,ReferenceNumber,Downstream,Comments,BDAPresent,LineLength,geometry,SiteID,predicted,residuals,std_residuals
2017,30.0,,0.0,,0,8.081462928945585,"LINESTRING (691325.162134456 4727988.329752665, 691328.9829494072 4727981.208557809)",30,4.061458779757944,4.020004149187642,6.919866153307191
2017,28.0,,0.0,,0,3.65791116595557,"LINESTRING (691309.9538217986 4728028.84689144, 691313.5426425142 4728029.554478869)",28,3.0811062027843428,0.5768049631712273,0.9928878164254524
2017,27.0,,0.0,,0,3.1595567568901437,"LINESTRING (691304.9250277674 4728067.629755293, 691306.0510709526 4728070.581843646)",27,3.455592873783819,-0.29603611689367515,-0.509584127136535
2017,26.0,,0.0,,0,2.813444398263762,"LINESTRING (691279.9521903964 4728067.23900126, 691277.7473176923 4728068.986572644)",26,3.284561380514261,-0.47111698225049903,-0.8109609688791598
2017,25.0,,0.0,,0,3.656667960025828,"LINESTRING (691265.0853566405 4728059.940697544, 691268.3886126123 4728061.509047172)",25,3.833782887254083,-0.17711492722825506,-0.3048781903421514
2017,24.0,,0.0,,0,6.057928812850354,"LINESTRING (691258.0419858142 4728075.352559141, 691259.6195266626 4728081.201479244)",24,5.290629639900202,0.7672991729501515,1.3207965413247926
2017,23.0,,0.0,,0,2.877751050331946,"LINESTRING (691249.7730398139 4728069.584144851, 691247.8795903081 4728071.751239698)",23,3.9748425491079393,-1.0970914987759932,-1.888487187505809
2017,22.0,,0.0,,0,3.265973018631769,"LINESTRING (691224.0909234644 4728093.288957407, 691227.2562374658 4728094.093548627)",22,3.7175732780802204,-0.4516002594484516,-0.7773657026731142
2017,21.0,,0.0,,0,1.9595695585822284,"LINESTRING (691213.3175370774 4728110.352386776, 691215.0069248623 4728111.345302567)",21,3.0251034855085566,-1.0655339269263282,-1.834165309910935
2017,20.0,,0.0,,0,4.809005423813348,"LINESTRING (691211.5249025862 4728123.82767443, 691214.9111227863 4728120.41299349)",20,3.7768245510686844,1.0321808727446635,1.7767527645065324
2017,19.0,,0.0,,0,3.249788778281481,"LINESTRING (691216.585234056 4728133.335199947, 691217.8769298414 4728136.317254457)",19,3.396290161955382,-0.14650138367390086,-0.25218132337066335
2017,18.0,,0.0,,0,3.3902782083719583,"LINESTRING (691211.2726238118 4728158.760114877, 691212.2618400521 4728155.517363335)",18,3.143193873649928,0.24708433472203017,0.4253205870946461
2017,17.0,,0.0,,0,2.435555029297908,"LINESTRING (691208.0269748922 4728171.15622779, 691208.319759393 4728173.574120578)",17,3.039572731554717,-0.604017702256809,-1.0397306815441736
2017,16.0,,0.0,,0,3.803094255268295,"LINESTRING (691201.3912860143 4728190.5599630745, 691203.7138642044 4728193.571467095)",16,2.9437219565753203,0.8593722986929748,1.4792873494961503
2017,15.0,,0.0,,0,3.9836146361496794,"LINESTRING (691186.478525181 4728205.086031996, 691190.3073462986 4728203.986343668)",15,3.516337048742412,0.46727758740726744,0.8043519959928435
2017,14.0,,0.0,,0,3.9625984367261946,"LINESTRING (691200.5340826878 4728218.39432786, 691197.3503301337 4728216.035110608)",14,3.070923939898946,0.8916744968272488,1.5348909954754597
2017,13.0,,0.0,,0,2.2914289391647755,"LINESTRING (691206.0319273161 4728212.960913463, 691206.9201637799 4728210.8486439325)",13,3.0827284195792384,-0.7912994804144629,-1.3621096616917991
2017,12.0,,0.0,,0,3.468583780772725,"LINESTRING (691233.8290875321 4728208.733199229, 691235.3590724157 4728205.6202874575)",12,2.892627187142719,0.5759565936300057,0.9914274687601441
2017,29.0,,0.0,,0,5.924426216434791,"LINESTRING (691325.4258068918 4728001.7881545955, 691329.0060297513 4728006.508412032)",29,3.889732146592868,2.0346940698419234,3.5024368392951075
2017,9.0,,0.0,,0,4.415980130076899,"LINESTRING (691241.2074476719 4728330.8829546245, 691245.1408223178 4728328.87560702)",9,4.093526539801611,0.32245359027528764,0.5550580553030656
2017,10.0,,0.0,,0,2.2284912516722923,"LINESTRING (691250.4866297327 4728313.972864218, 691252.5670785664 4728314.771554339)",10,3.2692490610267786,-1.0407578093544863,-1.7915167426375915
2017,,105.0,,,0,2.317453959633778,"LINESTRING (691226.1294788902 4728290.2056813855, 691228.4468169858 4728290.228854766)",105,2.811692548250398,-0.4942385886166196,-0.8507615301137402
2017,,106.0,,,0,3.1181125296716936,"LINESTRING (691225.0807130871 4728253.709606705, 691227.4728959433 4728255.709628438)",106,3.443637190937687,-0.3255246612659932,-0.5603444678077099
2017,,107.0,,,0,2.6702896651591046,"LINESTRING (691221.0863158567 4728247.397377009, 691222.4822114666 4728245.120993398)",107,2.674605019496263,-0.00431535433715835,-0.0074282695512301565
2017,,108.0,,,0,2.7245012893461507,"LINESTRING (691246.2997204148 4728234.271070079, 691248.5918980582 4728235.743764523)",108,2.523238418986728,0.20126287035942259,0.3464454445399165
2017,,109.0,,,0,2.963211768436615,"LINESTRING (691228.0885363028 4728076.917463095, 691227.1247007264 4728074.115384408)",109,2.7996234692443984,0.16358829919221662,0.2815940214604169
2017,,110.0,,,0,4.283531237247668,"LINESTRING (691313.4298871795 4728051.369166819, 691317.2936005414 4728053.218588058)",110,4.226819877321871,0.05671135992579668,0.09762055099814886
2017,,111.0,,,0,4.241876547716695,"LINESTRING (691313.0663779103 4728018.604566405, 691316.7310891183 4728020.740779973)",111,3.4783169797832576,0.763559567933437,1.3143593424509732
2022,30.0,,0.0,,1,3.1161501938286893,"LINESTRING (691326.271078295 4727986.262914762, 691327.7443552694 4727983.5170365805)",30,3.5815728201279238,-0.4654226262992345,-0.8011589439185632
2022,31.0,,0.0,,1,2.9428338443845856,"LINESTRING (691327.9358318171 4727951.834600983, 691329.4856093017 4727949.332909399)",31,2.6691952419383336,0.27363860244625204,0.47102998729211426
2022,32.0,,0.0,,1,2.5404575174225026,"LINESTRING (691314.8340745851 4727937.547646638, 691316.6656195541 4727935.7871446)",32,2.7562854280853446,-0.21582791066284202,-0.37151709264693505
2022,33.0,,0.0,,1,1.8343157444599525,"LINESTRING (691312.7703380919 4727900.325941292, 691314.1884949045 4727899.162521546)",33,2.0301956386901097,-0.19587989423015717,-0.3371794157154209
2022,34.0,,0.0,,1,3.3336813210153187,"LINESTRING (691296.8563597135 4727887.816214316, 691296.6077695487 4727884.491814508)",34,2.7335056285745742,0.6001756924407444,1.0331172073535484
2022,35.0,,0.0,,1,3.31170594862168,"MULTILINESTRING ((691267.7935254931 4727888.974766645, 691268.2164895169 4727886.978736297), (691268.4502659088 4727885.875510616, 691268.7138170401 4727884.631773498))",35,3.2267558120805155,0.08495013654116468,0.1462295939890561
2022,36.0,,0.0,,1,3.5878663010690937,"LINESTRING (691268.5553946297 4727871.246078967, 691269.606813611 4727874.6764292)",36,3.042126293769252,0.5457400072998415,0.9394139072674671
2022,37.0,,0.0,,1,3.95015111239862,"LINESTRING (691277.3595115715 4727853.877420833, 691281.1745474769 4727852.853118705)",37,3.224996856679578,0.7251542557190422,1.2482500524510387
2022,38.0,,0.0,,1,4.049376960316277,"LINESTRING (691277.946224593 4727831.0150080025, 691281.7074274209 4727832.515276996)",38,3.464170103618243,0.5852068566980337,1.0073504827517017
2022,39.0,,0.0,,1,2.3211601876020533,"LINESTRING (691320.4809538482 4727828.269252933, 691319.9379446222 4727830.526004048)",39,2.840052300169763,-0.5188921125677095,-0.8931990698817948
2022,40.0,,0.0,,1,2.902105352310241,"LINESTRING (691316.5965012853 4727789.04705177, 691319.4137859195 4727789.743559319)",40,2.75798144313775,0.14412390917249107,0.24808883870594453
2022,999.0,,0.0,Old beaver Dam,1,3.9258322915264174,"LINESTRING (691332.3737963854 4727774.980555847, 691331.7689304245 4727778.859511422)",999,3.6642910656946635,0.261541225831754,0.4502060717259098
2022,41.0,,0.0,,1,4.428847681410198,"LINESTRING (691375.5702162151 4727730.876466314, 691374.6528142405 4727735.209255878)",41,3.1983083954212503,1.2305392859889475,2.11819859866325
2022,42.0,,0.0,,1,3.899376450062506,"LINESTRING (691382.584442992 4727713.773452488, 691385.9171038986 4727715.7979296995)",42,2.832590001453111,1.066786448609395,1.836321348083853
2022,43.0,,0.0,,1,3.165453920645959,"LINESTRING (691410.9435890898 4727717.554379034, 691412.8177839156 4727720.105357724)",43,2.8651760838974636,0.3002778367484953,0.5168856453852444
2022,44.0,,0.0,,1,3.484242281008201,"LINESTRING (691404.1516719798 4727691.609653465, 691406.100767075 4727694.497727665)",44,2.948239979393478,0.5360023016147233,0.9226518300454987
2022,45.0,,0.0,,1,4.768859929490461,"LINESTRING (691410.6336774786 4727678.706567037, 691415.3862446034 4727678.312700624)",45,3.4681984416220657,1.3006614878683949,2.238904009248216
2022,46.0,,0.0,,1,3.632435816884875,"LINESTRING (691414.0223555933 4727661.48799337, 691417.4227513658 4727660.210535522)",46,3.408247584116311,0.2241882327685638,0.38590819967646905
2022,29.0,,0.0,,1,3.131361975615435,"LINESTRING (691327.2156420881 4728004.147919121, 691329.1079728077 4728006.642816368)",29,3.4098461869628482,-0.2784842113474131,-0.4793710147594825
2022,,112.0,,,0,2.818144201357037,"LINESTRING (691333.1255098868 4727922.986572016, 691335.2008395173 4727924.893124838)",112,3.2018055442639075,-0.3836613429068705,-0.6604185076898821
2022,,113.0,,,0,3.170966062915733,"LINESTRING (691294.0606218573 4727824.500678046, 691296.8617819591 4727825.986789702)",113,3.2950382753321823,-0.12407221241644928,-0.21357269082421843
2022,,114.0,,,0,2.462961224965927,"LINESTRING (691325.7774586771 4727817.574450298, 691327.0434557389 4727815.461767304)",114,2.9244872252758976,-0.4615260003099704,-0.7944514557432949
2022,,115.0,,,0,2.768672309170489,"LINESTRING (691361.3351491761 4727766.415503161, 691359.1702624745 4727764.689579662)",115,2.887418216251443,-0.118745907080954,-0.204404212721846
2022,,116.0,,,0,3.5092827603771988,"LINESTRING (691408.4599665657 4727640.692846478, 691405.1797555 4727641.939955478)",116,3.4101722277639817,0.09911053261321712,0.17060470452624824
2022,,117.0,,,0,3.5775927672528494,"LINESTRING (691412.2362292996 4727629.25437632, 691414.3108441265 4727632.169019236)",117,3.658795865156312,-0.08120309790346258,-0.13977959919255603
2022,,118.0,,,0,5.607849585067497,"LINESTRING (691422.7641815799 4727587.757244861, 691426.7999162136 4727591.650935004)",118,4.254677547115374,1.353172037952123,2.3292934627738706
2022,,119.0,,,0,2.907617151188933,"LINESTRING (691438.517028292 4727565.910069503, 691441.1010841918 4727567.243070855)",119,3.265350256642836,-0.357733105453903,-0.6157867296848872
2022,,120.0,,,0,2.331822429468638,"LINESTRING (691449.6996852536 4727543.793391445, 691450.1848535151 4727541.512600441)",120,2.7273049445885396,-0.39548251511990173,-0.6807669766102191
2022,28.0,,0.0,,1,2.507812343273932,"LINESTRING (691309.1300907544 4728028.684481062, 691311.5905356586 4728029.169593031)",28,2.601220243154323,-0.09340789988039111,-0.16078843226180325
2022,27.0,,0.0,,1,3.3426509035900773,"LINESTRING (691304.7789591525 4728067.2468148675, 691305.970255768 4728070.369974716)",27,2.975706914153799,0.36694398943627826,0.6316419581737827
2022,26.0,,0.0,,1,2.982296383401143,"LINESTRING (691279.8369864043 4728067.330311384, 691277.4997858198 4728069.182765202)",26,2.8046754208842413,0.17762096251690185,0.3057492582157986
2022,25.0,,0.0,,1,3.2631593517674844,"LINESTRING (691263.6486152292 4728059.258548514, 691266.5963946647 4728060.65812179)",25,3.353896927624063,-0.09073757585657871,-0.15619184873974978
2022,24.0,,0.0,,1,4.00912239715747,"LINESTRING (691258.499860044 4728077.050182242, 691259.5438726997 4728080.920983189)",24,4.810743680270182,-0.8016212831127119,-1.379877178958457
2022,23.0,,0.0,,1,3.954690864266633,"LINESTRING (691250.5398235173 4728068.70654394, 691247.9377890353 4728071.684629967)",23,3.4949565894779195,0.45973427478871365,0.791367254749854
2022,22.0,,0.0,,1,3.818802169041968,"LINESTRING (691223.8401179792 4728093.225205156, 691227.541222644 4728094.165989013)",22,3.2376873184502006,0.5811148505917672,1.0003066754562284
2022,21.0,,0.0,,1,2.5935041371472343,"LINESTRING (691212.6863815036 4728109.981433263, 691214.9222981572 4728111.295564317)",21,2.545217525878537,0.04828661126869749,0.08311854281137579
2022,20.0,,0.0,,1,3.46875005307878,"LINESTRING (691211.1818354662 4728124.173624985, 691213.624326265 4728121.710605369)",20,3.2969385914386646,0.1718114616401154,0.2957490276207614
2022,19.0,,0.0,,1,3.150385344474903,"LINESTRING (691216.6884701122 4728133.573534353, 691217.9406559464 4728136.464374794)",19,2.9164042023253622,0.23398114214954058,0.402765302219888
2022,18.0,,0.0,,1,2.887735354482285,"LINESTRING (691211.1767507652 4728159.0743964845, 691212.0193349231 4728156.312319836)",18,2.6633079140199083,0.22442744046237673,0.3863199617450135
2022,17.0,,0.0,,1,2.554558742429738,"LINESTRING (691207.9914443718 4728170.862807239, 691208.298534623 4728173.398840746)",17,2.559686771924697,-0.005128029494959385,-0.00882717440540484
2022,16.0,,0.0,,1,2.532974703752067,"LINESTRING (691202.4452673467 4728191.926577569, 691203.9921739987 4728193.932329463)",16,2.4638359969453005,0.06913870680676659,0.11901246351008228
2022,15.0,,0.0,,1,3.0795582220190543,"LINESTRING (691185.569230974 4728205.347193381, 691188.5291250979 4728204.497072438)",15,3.036451089112392,0.04310713290666213,0.07420280648894483
2022,14.0,,0.0,,1,1.771895421502982,"LINESTRING (691200.702665162 4728218.519250471, 691199.2790345154 4728217.464314849)",14,2.591037980268926,-0.819142558765944,-1.410037566325238
2022,13.0,,0.0,,1,2.73450822735867,"LINESTRING (691205.9270042282 4728213.21042567, 691206.9869934239 4728210.689719787)",13,2.6028424599492186,0.13166576740945146,0.22664391717854226
2022,12.0,,0.0,,1,2.4020798592642376,"LINESTRING (691234.724315826 4728206.911765093, 691235.7838681119 4728204.755996876)",12,2.4127412275126994,-0.010661368248461756,-0.01835203113046112
2022,29.0,,0.0,,1,3.325416801428454,"LINESTRING (691327.2037419613 4728004.1322296895, 691329.2133430291 4728006.781739163)",29,3.4098461869628482,-0.08442938553439427,-0.14533319509683623
2022,,105.0,,,0,2.3492631741302903,"LINESTRING (691226.7878171386 4728290.212264768, 691229.1369628584 4728290.235756225)",105,2.811692548250398,-0.46242937412010754,-0.7960064854448975
2022,,106.0,,,0,3.396565201516521,"LINESTRING (691225.6475471003 4728254.18351711, 691228.2533558924 4728256.362144133)",106,3.443637190937687,-0.04707198942116575,-0.08102774382215067
2022,,107.0,,,0,2.5769601984897053,"LINESTRING (691221.2982397873 4728247.051777983, 691222.6453473597 4728244.854956403)",107,2.674605019496263,-0.09764482100655769,-0.1680816901807328
2022,,108.0,,,0,2.050436266032245,"LINESTRING (691246.7561037132 4728234.564290436, 691248.481176917 4728235.672627624)",108,2.523238418986728,-0.472802152954483,-0.8138617508893974
2022,,109.0,,,0,2.4193723164043988,"LINESTRING (691228.1134144055 4728076.9897891255, 691227.3264719615 4728074.701977071)",109,2.7996234692443984,-0.38025115283999966,-0.6545483498630917
2022,,110.0,,,0,3.770268347155688,"LINESTRING (691313.9050332468 4728051.5966022285, 691317.3057872939 4728053.22442142)",110,4.226819877321871,-0.4565515301661831,-0.7858886119498161
2022,,111.0,,,0,3.17240564059099,"LINESTRING (691312.2567542528 4728018.132624975, 691314.9975107025 4728019.730251851)",111,3.4783169797832576,-0.30591133919226765,-0.5265829196761457
2023,30.0,,0.0,,1,2.257885193168918,"LINESTRING (691326.0754643711 4727986.627497943, 691327.1429643497 4727984.637902672)",30,3.5815728201279238,-1.3236876269590057,-2.2785402371278964
2023,31.0,,0.0,,1,2.7915010795691138,"LINESTRING (691327.6806970837 4727952.246446182, 691329.1507785594 4727949.873401991)",31,2.6691952419383336,0.12230583763078018,0.21053212752134798
2023,32.0,,0.0,,1,2.94383347082446,"LINESTRING (691314.7342682006 4727937.64358168, 691316.8566274001 4727935.603545668)",32,2.7562854280853446,0.1875480427391154,0.3228373168051766
2023,33.0,,0.0,,1,1.5810642906565513,"LINESTRING (691312.8409439706 4727900.268018027, 691314.0633055521 4727899.265223703)",33,2.0301956386901097,-0.44913134803355836,-0.7731158223492628
2023,34.0,,0.0,,1,2.5101930168089868,"LINESTRING (691296.8476539861 4727887.699792501, 691296.6604707387 4727885.196588271)",34,2.7335056285745742,-0.22331261176558748,-0.3844009424904671
2023,35.0,,0.0,,1,3.5456024353547537,"LINESTRING (691267.747200835 4727889.19337962, 691268.4822026264 4727885.7247964805)",35,3.2267558120805155,0.3188466232742382,0.5488491739337015
2023,36.0,,0.0,,1,2.525785417173185,"LINESTRING (691268.762280562 4727871.921063173, 691269.5024582907 4727874.335960459)",36,3.042126293769252,-0.5163408765960673,-0.8888074795266371
2023,37.0,,0.0,,1,3.000429777568996,"LINESTRING (691277.5373144386 4727853.829682395, 691280.4351142967 4727853.051649727)",37,3.224996856679578,-0.22456707911058205,-0.38656032984403765
2023,38.0,,0.0,,1,4.288925528235757,"LINESTRING (691277.7422663157 4727830.933653102, 691281.7259702242 4727832.522673353)",38,3.464170103618243,0.8247554246175142,1.419699317653824
2023,39.0,,0.0,,1,2.9848853291973154,"LINESTRING (691320.5994068179 4727827.776961349, 691319.901126587 4727830.679020126)",39,2.840052300169763,0.14483302902755257,0.24930948781514253
2023,40.0,,0.0,,1,2.6258254304398547,"LINESTRING (691316.8129147917 4727789.100554934, 691319.3619944218 4727789.730755085)",40,2.75798144313775,-0.13215601269789534,-0.22748780480960518
2023,999.0,,0.0,Old beaver Dam,1,4.059612204462618,"LINESTRING (691332.4086860523 4727774.756811287, 691331.783208178 4727778.767949365)",999,3.6642910656946635,0.3953211387679545,0.6804891901417625
2023,41.0,,0.0,,1,2.7838249470383167,"LINESTRING (691375.2641770821 4727732.321855793, 691374.6875290042 4727735.045301832)",41,3.1983083954212503,-0.4144834483829336,-0.7134743843860726
2023,42.0,,0.0,,1,2.014403964100936,"LINESTRING (691383.2399052808 4727714.17162335, 691384.9615460166 4727715.217461056)",42,2.832590001453111,-0.818186037352175,-1.408391050572912
2023,43.0,,0.0,,1,2.9022454518070395,"LINESTRING (691410.9705454623 4727717.591069526, 691412.6889004104 4727719.929933553)",43,2.8651760838974636,0.037069367909575934,0.06380965163277319
2023,44.0,,0.0,,1,2.689599693986044,"LINESTRING (691404.4350091876 4727692.029488742, 691405.9395789473 4727694.258886946)",44,2.948239979393478,-0.2586402854074339,-0.44521251482645496
2023,45.0,,0.0,,1,3.293454724843688,"LINESTRING (691411.2619138283 4727678.654502291, 691414.5441164688 4727678.382491535)",45,3.4681984416220657,-0.17474371677837786,-0.3007964883524185
2023,46.0,,0.0,,1,3.622141396442896,"LINESTRING (691414.2121265179 4727661.416700386, 691417.6028854781 4727660.142862889)",46,3.408247584116311,0.21389381232658478,0.368187817074685
2023,,112.0,,,0,3.469533346670492,"LINESTRING (691332.5980961146 4727922.502050327, 691335.1531198615 4727924.849285998)",112,3.2018055442639075,0.26772780240658456,0.4608553845764113
2023,,113.0,,,0,3.3481170976835144,"LINESTRING (691294.0211026162 4727824.479711731, 691296.9787539578 4727826.048847366)",113,3.2950382753321823,0.0530788223513321,0.09136765351861924
2023,,114.0,,,0,2.89088595089856,"LINESTRING (691325.7987187055 4727817.53897178, 691327.2846751558 4727815.059222799)",114,2.9244872252758976,-0.03360127437733773,-0.057839821214790074
2023,,115.0,,,0,3.03687570254463,"LINESTRING (691361.6329188831 4727766.652895601, 691359.2583179597 4727764.759780578)",115,2.887418216251443,0.149457486293187,0.257269834153677
2023,,116.0,,,0,3.404330746887277,"LINESTRING (691408.5566639238 4727640.656082946, 691405.3745540312 4727641.865894694)",116,3.4101722277639817,-0.005841480876704441,-0.010055279622551327
2023,,117.0,,,0,3.848056229417843,"LINESTRING (691412.1642315418 4727629.153226096, 691414.3956857702 4727632.2882139385)",117,3.658795865156312,0.18926036426153114,0.3257848350929223
2023,,118.0,,,0,4.529319694834652,"LINESTRING (691423.7287847986 4727588.687897242, 691426.9883466117 4727591.832733276)",118,4.254677547115374,0.27464214771927775,0.4727574479390207
2023,,119.0,,,0,3.374023310354641,"LINESTRING (691438.3972505555 4727565.8482814105, 691441.3958106779 4727567.395107351)",119,3.265350256642836,0.1086730537118048,0.1870652263652057
2023,,120.0,,,0,2.314118420825644,"LINESTRING (691449.7090177038 4727543.749519308, 691450.1905023988 4727541.486044865)",120,2.7273049445885396,-0.4131865237628958,-0.7112419128640209
2023,28.0,,0.0,,1,1.9329419322757944,"LINESTRING (691310.3705290598 4728028.929051248, 691312.2669616778 4728029.302960113)",28,2.601220243154323,-0.6682783108785286,-1.15034619189936
2023,27.0,,0.0,,1,3.192327895236511,"LINESTRING (691304.9062474943 4728067.580520037, 691306.0439700765 4728070.563227652)",27,2.975706914153799,0.21662098108271177,0.37288225072936015
2023,26.0,,0.0,,1,2.997424496684865,"LINESTRING (691279.9982184113 4728067.202519679, 691277.6491620517 4728069.064370327)",26,2.8046754208842413,0.19274907580062361,0.3317901564811842
2023,25.0,,0.0,,1,3.907414809474703,"LINESTRING (691263.5006967831 4728059.188318461, 691267.0304652617 4728060.864213739)",25,3.353896927624063,0.5535178818506399,0.9528024135603312
2023,24.0,,0.0,,1,5.751118990409982,"LINESTRING (691257.8619317582 4728074.684987338, 691259.3595764834 4728080.237683073)",24,4.810743680270182,0.9403753101398005,1.6187225282732953
2023,23.0,,0.0,,1,4.009653185491425,"LINESTRING (691250.9428365371 4728068.245286623, 691248.304638962 4728071.264762111)",23,3.4949565894779195,0.5146965960135055,0.8859770840525156
2023,22.0,,0.0,,1,3.3511615002555444,"LINESTRING (691223.9876917312 4728093.26271693, 691227.23556866 4728094.088294823)",22,3.2376873184502006,0.11347418180534374,0.19532968644017507
2023,21.0,,0.0,,1,3.004122029495645,"LINESTRING (691212.213042296 4728109.703234274, 691214.8029616174 4728111.2254258115)",21,2.545217525878537,0.45890450361710844,0.7899389215361827
2023,20.0,,0.0,,1,2.764802875710989,"LINESTRING (691211.8078436289 4728123.542355305, 691213.7546560199 4728121.579180209)",20,3.2969385914386646,-0.5321357157276756,-0.9159960516393885
2023,19.0,,0.0,,1,3.3130535145083364,"LINESTRING (691216.4739704282 4728133.078332806, 691217.7908120919 4728136.118439979)",19,2.9164042023253622,0.39664931218297417,0.6827754520258887
2023,18.0,,0.0,,1,2.554861946040522,"LINESTRING (691211.3911082534 4728158.3717108155, 691212.1365665233 4728155.928022715)",18,2.6633079140199083,-0.1084459679793861,-0.1866743305314338
2023,17.0,,0.0,,1,2.6441603125664432,"LINESTRING (691207.88588509 4728169.991070431, 691208.2037465825 4728172.616055732)",17,2.559686771924697,0.08447354064174606,0.14540920184248124
2023,16.0,,0.0,,1,1.766861550668979,"LINESTRING (691202.1236777095 4728191.509597641, 691203.2027133122 4728192.908698034)",16,2.4638359969453005,-0.6969744462763214,-1.1997425130723205
2023,15.0,,0.0,,1,3.0967081019730216,"LINESTRING (691185.442726539 4728205.383527136, 691188.4191041405 4728204.528671919)",15,3.036451089112392,0.060257012860629455,0.10372388891139
2023,14.0,,0.0,,1,2.4181335749555832,"LINESTRING (691200.4336245987 4728218.31988663, 691198.490773445 4728216.880199379)",14,2.591037980268926,-0.17290440531334283,-0.29763037491573024
2023,13.0,,0.0,,1,3.2402833205090324,"LINESTRING (691205.9693076017 4728213.10982619, 691207.2253525738 4728210.122890131)",13,2.6028424599492186,0.6374408605598139,1.097263901236081
2023,12.0,,0.0,,1,1.9886373826750137,"LINESTRING (691234.8352786337 4728206.685999836, 691235.7124623281 4728204.901279296)",12,2.4127412275126994,-0.4241038448376857,-0.7300345304302224
2023,29.0,,0.0,,1,2.9086840242472456,"LINESTRING (691327.5809788759 4728004.629588491, 691329.3387418482 4728006.947068175)",29,3.4098461869628482,-0.5011621627156027,-0.862679479521118
2023,1.0,,0.0,,1,2.4099864868560927,"LINESTRING (691227.6715846382 4728389.240739969, 691227.2951249804 4728391.621141824)",1,2.560644354487991,-0.15065786763189815,-0.2593361201296473
2023,2.0,,0.0,,1,3.42935440551439,"LINESTRING (691243.076845781 4728396.105279677, 691240.1036772385 4728397.814297072)",2,2.8648287410157827,0.5645256644986074,0.9717507478758631
2023,3.0,,0.0,,1,3.014994574452449,"LINESTRING (691263.8822661208 4728393.7023965875, 691266.87890116 4728393.3701756885)",3,2.9869312550331526,0.028063319419296295,0.04830701834929186
2023,5.0,,0.0,,1,3.0227705827053484,"LINESTRING (691251.5122867614 4728383.730264576, 691254.44741999 4728383.007675532)",5,2.698727093340843,0.32404348936450544,0.5577948407605821
2023,6.0,,0.0,,1,5.110274188632592,"LINESTRING (691255.3487941952 4728355.111121596, 691259.6261939147 4728357.90732508)",6,3.686231545938017,1.424042642694575,2.451287142586566
2023,7.0,,0.0,,1,2.491281285854351,"LINESTRING (691272.3077662335 4728357.270454223, 691274.2805914896 4728358.791783561)",7,2.4390874103657474,0.05219387548860377,0.08984434318967179
2023,4.0,,0.0,,1,4.810908473726348,"LINESTRING (691258.9012481509 4728394.683691629, 691257.8577610803 4728389.987312697)",4,3.9400494666646155,0.8708590070617328,1.4990600864148278
2023,8.0,,0.0,,1,2.696990434876239,"LINESTRING (691259.6101532198 4728339.320057696, 691257.5133348124 4728337.623853117)",8,2.6626120979019117,0.03437833697432735,0.059177424103830895
2023,9.0,,0.0,,1,3.705335807533552,"LINESTRING (691244.2622115511 4728329.323994824, 691247.5626054591 4728327.639680869)",9,3.6136405801715914,0.09169522736196045,0.15784030978427233
2023,10.0,,0.0,,1,3.163238436761989,"LINESTRING (691250.0306518757 4728313.797813045, 691252.9837510687 4728314.931516076)",10,2.789363101396759,0.3738753353652302,0.6435732856825641
2023,,101.0,,Ref 1,0,2.794383976432048,"LINESTRING (691204.288802024 4728400.527592357, 691206.8591972849 4728399.431394378)",101,2.971511294871477,-0.17712731843942908,-0.3048995200521764
2023,,102.0,,Ref 2,0,2.494808599573741,"LINESTRING (691195.513134121 4728441.8992610015, 691197.2772301995 4728440.135164923)",102,2.690345516718567,-0.19553691714482602,-0.33658902937847585
2023,,103.0,,Ref 3,0,2.2383983158972893,"LINESTRING (691215.6593362503 4728399.67769595, 691217.8330276461 4728399.143380746)",103,2.4896350601009245,-0.2512367442036352,-0.43246837022124734
2023,,104.0,,Ref 4,0,3.2960426009608472,"LINESTRING (691246.8771668078 4728411.958610985, 691249.9808488997 4728410.849082122)",104,3.2840923128100816,0.011950288150765598,0.020570723667900102
2023,,105.0,,,0,2.8748743897907856,"LINESTRING (691225.5957133657 4728290.200343731, 691228.4704440226 4728290.229091037)",105,2.811692548250398,0.06318184154038775,0.10875856604956448
2023,,106.0,,,0,3.972431069746081,"LINESTRING (691224.7824625741 4728253.460249719, 691227.8300695516 4728256.008248996)",106,3.443637190937687,0.5287938788083943,0.9102435540474942
2023,,107.0,,,0,2.4772290414962024,"LINESTRING (691221.4102779005 4728246.869069676, 691222.7052509476 4728244.757267476)",107,2.674605019496263,-0.19737597800006057,-0.3397547114259885
2023,,108.0,,,0,2.477583954396543,"LINESTRING (691245.9694656876 4728234.0588856945, 691248.0539068189 4728235.398112121)",108,2.523238418986728,-0.04565446459018485,-0.07858767616665846
2023,,109.0,,,0,2.5510205130040555,"LINESTRING (691227.950822135 4728076.517098195, 691227.1210588514 4728074.10479669)",109,2.7996234692443984,-0.2486029562403429,-0.4279346783379051
2023,,110.0,,,0,5.022742918963594,"LINESTRING (691313.3379668692 4728051.325167858, 691317.8684436779 4728053.493744884)",110,4.226819877321871,0.7959230416417231,1.370068465627543
2023,,111.0,,,0,3.586059238687469,"LINESTRING (691312.7145845786 4728018.399500945, 691315.8127113952 4728020.205444214)",111,3.4783169797832576,0.10774225890421141,0.18546299531127974
2024,30.0,,0.0,,1,2.138898532944689,"MULTILINESTRING ((691326.1607740192 4727986.468498715, 691327.1566672722 4727984.612363309), (691328.9675980919 4727981.23716943, 691328.9829494072 4727981.208557809))",30,3.5815728201279238,-1.4426742871832348,-2.483358872190025
2024,28.0,,0.0,,1,2.421294605483505,"LINESTRING (691309.6461359812 4728028.786226773, 691312.0216972905 4728029.254602725)",28,2.601220243154323,-0.17992563767081782,-0.3097164291440112
2024,27.0,,0.0,,1,2.7638178711382904,"LINESTRING (691304.9526750082 4728067.702236614, 691305.9376797156 4728070.284571788)",27,2.975706914153799,-0.2118890430155087,-0.36473689145718097
2024,26.0,,0.0,,1,2.779906134548582,"LINESTRING (691280.0469845325 4728067.163867889, 691277.8683954834 4728068.890606975)",26,2.8046754208842413,-0.024769286335659224,-0.042636808270543426
2024,25.0,,0.0,,1,3.588673684204485,"LINESTRING (691263.7700271127 4728059.3161935415, 691267.0118603627 4728060.855380337)",25,3.353896927624063,0.23477675658042196,0.40413483945592577
2024,24.0,,0.0,,1,6.138580351647817,"LINESTRING (691257.863564366 4728074.691040425, 691259.462107623 4728080.617829453)",24,4.810743680270182,1.3278366713776348,2.2856822277765487
2024,23.0,,0.0,,1,4.303964488534835,"LINESTRING (691251.1629568966 4728067.993354003, 691248.3311138034 4728071.234461069)",23,3.4949565894779195,0.8090078990569158,1.3925921891332862
2024,22.0,,0.0,,1,3.3784625495482765,"LINESTRING (691223.9781271251 4728093.260285703, 691227.2524636706 4728094.092589365)",22,3.2376873184502006,0.14077523109807588,0.24232456503718472
2024,21.0,,0.0,,1,2.672886724432455,"LINESTRING (691212.309337562 4728109.759830569, 691214.6136916804 4728111.114184857)",21,2.545217525878537,0.12766919855391823,0.21976439155458122
2024,20.0,,0.0,,1,3.078533443525336,"LINESTRING (691211.5354259432 4728123.817062626, 691213.7031490408 4728121.631120098)",20,3.2969385914386646,-0.21840514791332843,-0.3759534405104783
2024,19.0,,0.0,,1,2.438166976584866,"LINESTRING (691216.5813940543 4728133.326334784, 691217.550493963 4728135.563633059)",19,2.9164042023253622,-0.4782372257404961,-0.8232174567088286
2024,18.0,,0.0,,1,2.008458673669966,"LINESTRING (691211.3877878396 4728158.38259547, 691211.9738164234 4728156.461534112)",18,2.6633079140199083,-0.6548492403499422,-1.1272299544099238
2024,17.0,,0.0,,1,2.670703129101464,"LINESTRING (691207.8757236628 4728169.907154645, 691208.1967759375 4728172.558490278)",17,2.559686771924697,0.11101635717676661,0.19109889044423245
2024,16.0,,0.0,,1,1.7059101998909152,"LINESTRING (691202.2637136286 4728191.691171178, 691203.3055257845 4728193.0420068605)",16,2.4638359969453005,-0.7579257970543853,-1.3046616060868663
2024,15.0,,0.0,,1,2.612892486766095,"LINESTRING (691185.503603774 4728205.366042386, 691188.0149656511 4728204.644745866)",15,3.036451089112392,-0.42355860234629716,-0.7290959729259305
2024,14.0,,0.0,,1,2.3146278515319083,"LINESTRING (691200.3299560526 4728218.243066394, 691198.4702666462 4728216.865003477)",14,2.591037980268926,-0.27641012873701776,-0.4758007761422567
2024,13.0,,0.0,,1,2.2621363722848944,"LINESTRING (691206.3353460291 4728212.239368999, 691207.2122276891 4728210.154101745)",13,2.6028424599492186,-0.3407060876643242,-0.5864771370274577
2024,12.0,,0.0,,1,1.685066287722699,"LINESTRING (691234.9921406162 4728206.366847983, 691235.7354197497 4728204.854570057)",12,2.4127412275126994,-0.7276749397900004,-1.2525890520486707
2024,29.0,,0.0,,1,2.8254738665683243,"LINESTRING (691327.804131427 4728004.923798525, 691329.5116092071 4728007.174980925)",29,3.4098461869628482,-0.5843723203945239,-1.005913947040282
2024,1.0,,0.0,,1,2.2987726340818435,"LINESTRING (691227.6480967784 4728389.389256666, 691227.2890096366 4728391.6598099135)",1,2.560644354487991,-0.26187172040614737,-0.45077497119325455
2024,2.0,,0.0,,1,2.245535241716759,"LINESTRING (691242.5631623428 4728396.400551848, 691240.6163368027 4728397.519613436)",2,2.8648287410157827,-0.6192934992990238,-1.0660257964232398
2024,3.0,,0.0,,1,3.047709080841037,"LINESTRING (691263.8282234485 4728393.708388009, 691266.8573737821 4728393.372562313)",3,2.9869312550331526,0.0607778258078846,0.10462039442535653
2024,5.0,,0.0,,1,2.1245578898114723,"LINESTRING (691251.8493665546 4728383.647280212, 691253.9123284261 4728383.139407645)",5,2.698727093340843,-0.5741692035293706,-0.9883507305775129
2024,6.0,,0.0,,1,3.173501250788071,"LINESTRING (691255.7512451009 4728355.374210084, 691258.4075278868 4728357.110663927)",6,3.686231545938017,-0.5127302951499457,-0.8825923764034662
2024,7.0,,0.0,,1,1.8313966303906943,"LINESTRING (691272.2757000834 4728357.245726652, 691273.7259680824 4728358.364089898)",7,2.4390874103657474,-0.607690779975053,-1.0460533631230173
2024,4.0,,0.0,,1,4.279026822001841,"LINESTRING (691258.8573517583 4728394.486128958, 691257.9292299311 4728390.308969586)",4,3.9400494666646155,0.3389773553372253,0.5835013698703923
2024,8.0,,0.0,,1,2.3356319544363275,"LINESTRING (691259.0240085991 4728338.845900665, 691257.2081341295 4728337.3769634515)",8,2.6626120979019117,-0.3269801434655841,-0.5628498736819116
2024,9.0,,0.0,,1,4.025427370403887,"LINESTRING (691241.9778764681 4728330.48977611, 691245.5633803633 4728328.659959909)",9,3.6136405801715914,0.41178679023229536,0.70883247040511
2024,10.0,,0.0,,1,3.312719997798447,"LINESTRING (691249.993674962 4728313.783617504, 691253.0863254047 4728314.970894651)",10,2.789363101396759,0.5233568964016881,0.9008845610872765
2024,,101.0,,Ref 1,0,2.654933375154062,"LINESTRING (691204.3827617705 4728400.487521289, 691206.8248843361 4728399.446027841)",101,2.971511294871477,-0.3165779197174152,-0.544943923000585
2024,,102.0,,Ref 2,0,2.0614884220629444,"LINESTRING (691195.5249747841 4728441.887420338, 691196.9826672268 4728440.429727895)",102,2.690345516718567,-0.6288570946556225,-1.0824881674447788
2024,,103.0,,Ref 3,0,1.6804152987242336,"LINESTRING (691215.6193697766 4728399.687520111, 691217.251208154 4728399.286397828)",103,2.4896350601009245,-0.8092197613766909,-1.3929568800244807
2024,,104.0,,Ref 4,0,3.1460741076780625,"LINESTRING (691246.9958367982 4728411.916187897, 691249.9583027157 4728410.85714211)",104,3.2840923128100816,-0.13801820513201912,-0.23757873643644545
2024,,105.0,,,0,3.023505088653824,"LINESTRING (691225.175083159 4728290.196137428, 691228.1984370837 4728290.226370967)",105,2.811692548250398,0.21181254040342612,0.3646052030766859
2024,,106.0,,,0,3.3490182822859333,"LINESTRING (691224.9034013075 4728253.56136243, 691227.4727326074 4728255.709491879)",106,3.443637190937687,-0.09461890865175349,-0.16287301185359349
2024,,107.0,,,0,2.131034219111952,"LINESTRING (691221.4782371882 4728246.75824376, 691222.5922366731 4728244.941567677)",107,2.674605019496263,-0.5435708003843112,-0.9356799256701267
2024,,108.0,,,0,1.8194977305009117,"LINESTRING (691246.1030011208 4728234.1446804805, 691247.6337810976 4728235.128186787)",108,2.523238418986728,-0.7037406884858164,-1.2113896379789015
2024,,109.0,,,0,2.569020838062797,"LINESTRING (691227.9171057562 4728076.419077382, 691227.0814875574 4728073.989754371)",109,2.7996234692443984,-0.2306026311816014,-0.39694967546230275
2024,,110.0,,,0,4.813443507492031,"LINESTRING (691313.2068677627 4728051.26241541, 691317.5485580567 4728053.340627091)",110,4.226819877321871,0.58662363017016,1.0097892570496463
2024,,111.0,,,0,3.0152929079357964,"LINESTRING (691313.2118989713 4728018.689392751, 691315.816920025 4728020.207897486)",111,3.4783169797832576,-0.4630240718474612,-0.7970301731134276
2024,31.0,,0.0,,1,1.9883916582304575,"LINESTRING (691327.7003740916 4727952.214683038, 691328.7475159913 4727950.524359037)",31,2.6691952419383336,-0.6808035837078761,-1.1719066700223129
2024,32.0,,0.0,,1,2.60213592545568,"LINESTRING (691314.8751753562 4727937.508140106, 691316.7511874246 4727935.704895781)",32,2.7562854280853446,-0.15414950262966443,-0.26534647383677673
2024,33.0,,0.0,,1,1.638798254505108,"LINESTRING (691312.8005688068 4727900.301140783, 691314.0675660048 4727899.261728536)",33,2.0301956386901097,-0.3913973841850016,-0.6737350039457242
2024,34.0,,0.0,,1,2.1474210690974656,"LINESTRING (691296.8352952545 4727887.5345190065, 691296.6751636445 4727885.393076709)",34,2.7335056285745742,-0.5860845594771087,-1.008861323419568
2024,35.0,,0.0,,1,3.1938661344658974,"LINESTRING (691267.7367908581 4727889.242505854, 691268.3988778725 4727886.118018429)",35,3.2267558120805155,-0.03288967761461814,-0.05661490846087132
2024,36.0,,0.0,,1,3.166485097920325,"LINESTRING (691268.6321650133 4727871.49654934, 691269.5600988485 4727874.524018031)",36,3.042126293769252,0.12435880415107281,0.21406601778872908
2024,37.0,,0.0,,1,3.0932479941300213,"LINESTRING (691277.5519085998 4727853.825763997, 691280.5393518207 4727853.023662909)",37,3.224996856679578,-0.13174886254955664,-0.226786953659645
2024,38.0,,0.0,,1,2.704346045042137,"LINESTRING (691278.0303456433 4727831.048562217, 691280.5422367544 4727832.050505617)",38,3.464170103618243,-0.7598240585761062,-1.3079291936730475
2024,39.0,,0.0,,1,3.130203121890082,"LINESTRING (691320.6037881459 4727827.758752512, 691319.8715124576 4727830.802096709)",39,2.840052300169763,0.29015082172031903,0.49945342742555116
2024,40.0,,0.0,,1,2.565578917935904,"LINESTRING (691316.8051271493 4727789.098629622, 691319.29572111 4727789.714370564)",40,2.75798144313775,-0.19240252520184598,-0.33119361884841225
2024,999.0,,0.0,Old beaver Dam,1,3.892936092743136,"LINESTRING (691332.3712053155 4727774.997172165, 691331.7714077807 4727778.84362434)",999,3.6642910656946635,0.22864502704847256,0.3935799379994322
2024,41.0,,0.0,,1,2.719701651671276,"LINESTRING (691375.2113313745 4727732.571440311, 691374.6479659474 4727735.232153838)",41,3.1983083954212503,-0.47860674374997414,-0.8238535294768982
2024,42.0,,0.0,,1,2.4913046613599508,"LINESTRING (691382.9518076845 4727713.99661394, 691385.0810387958 4727715.290048821)",42,2.832590001453111,-0.34128534009316036,-0.5874742378083946
2024,43.0,,0.0,,1,2.473469566387598,"LINESTRING (691411.0435435472 4727717.690427692, 691412.5080298353 4727719.683749444)",43,2.8651760838974636,-0.39170651750986574,-0.6742671330560931
2024,44.0,,0.0,,1,2.7142129640452866,"LINESTRING (691404.3842079826 4727691.954213991, 691405.9025464758 4727694.204014034)",44,2.948239979393478,-0.23402701534819137,-0.4028442664156716
2024,45.0,,0.0,,1,2.997156760600356,"LINESTRING (691411.2488068723 4727678.6555885235, 691414.2357238501 4727678.408049405)",45,3.4681984416220657,-0.47104168102170973,-0.8108313485093632
2024,46.0,,0.0,,1,3.554531356901656,"LINESTRING (691414.1140430601 4727661.453548298, 691417.4415109106 4727660.203487951)",46,3.408247584116311,0.146283772785345,0.2518067371348225
2024,,112.0,,,0,3.0948908598934404,"LINESTRING (691332.9156856022 4727922.793811754, 691335.194816209 4727924.887591378)",112,3.2018055442639075,-0.10691468437046714,-0.18403844329768215
2024,,113.0,,,0,3.252837672641681,"LINESTRING (691293.93608042 4727824.434604535, 691296.8095640602 4727825.959086314)",113,3.2950382753321823,-0.0422006026905013,-0.07264234348269911
2024,,114.0,,,0,2.8706026309338206,"LINESTRING (691325.7454450646 4727817.627874289, 691327.2209756002 4727815.165523968)",114,2.9244872252758976,-0.05388459434207693,-0.09275467555121213
2024,,115.0,,,0,2.2640966273861327,"LINESTRING (691360.7610754505 4727765.9578314815, 691358.9907277416 4727764.546448285)",115,2.887418216251443,-0.6233215888653101,-1.0729595804736536
2024,,116.0,,,0,3.3391221975601924,"LINESTRING (691408.3266213541 4727640.74354322, 691405.2054634623 4727641.930181524)",116,3.4101722277639817,-0.0710500302037893,-0.1223025352593252
2024,,117.0,,,0,3.865372459320968,"LINESTRING (691412.1183778433 4727629.088805869, 691414.359873602 4727632.237901138)",117,3.658795865156312,0.20657659416465624,0.35559226532498694
2024,,118.0,,,0,3.642334229721481,"LINESTRING (691424.1671122254 4727589.1107969945, 691426.7883477228 4727591.639773686)",118,4.254677547115374,-0.6123433173938935,-1.0540620454568739
2024,,119.0,,,0,3.366299212428552,"LINESTRING (691438.2969021687 4727565.79651607, 691441.2885977356 4727567.339800886)",119,3.265350256642836,0.10094895578571572,0.17376928889350554
2024,,120.0,,,0,2.755049230117567,"LINESTRING (691449.6321241348 4727544.110998353, 691450.2053506502 4727541.4162427755)",120,2.7273049445885396,0.0277442855290273,0.04775784682182554
